{
    "parent": "minecraft:item/generated",
    "textures": {
        "layer0": "minecraft:item/structure_void"
    },
    "overrides": [
        {
            "predicate": {
                "custom_model_data": 10000
            },
            "model": "reallyworld:item/empty"
        },
        {
            "predicate": {
                "custom_model_data": 10001
            },
            "model": "reallyworld:item/info"
        },
        {
            "predicate": {
                "custom_model_data": 10002
            },
            "model": "reallyworld:item/left"
        },
        {
            "predicate": {
                "custom_model_data": 10003
            },
            "model": "reallyworld:item/right"
        },
        {
            "predicate": {
                "custom_model_data": 10004
            },
            "model": "reallyworld:item/home"
        }
    ]
}